,Car,label
0,AM General Hummer SUV 2000,0
1,Acura RL Sedan 2012,1
2,Acura TL Sedan 2012,2
3,Acura TL Type-S 2008,3
4,Acura TSX Sedan 2012,4
5,Acura Integra Type R 2001,5
6,Acura ZDX Hatchback 2012,6
7,Aston Martin V8 Vantage Convertible 2012,7
8,Aston Martin V8 Vantage Coupe 2012,8
9,Aston Martin Virage Convertible 2012,9
10,Aston Martin Virage Coupe 2012,10
11,Audi RS 4 Convertible 2008,11
12,Audi A5 Coupe 2012,12
13,Audi TTS Coupe 2012,13
14,Audi R8 Coupe 2012,14
15,Audi V8 Sedan 1994,15
16,Audi 100 Sedan 1994,16
17,Audi 100 Wagon 1994,17
18,Audi TT Hatchback 2011,18
19,Audi S6 Sedan 2011,19
20,Audi S5 Convertible 2012,20
21,Audi S5 Coupe 2012,21
22,Audi S4 Sedan 2012,22
23,Audi S4 Sedan 2007,23
24,Audi TT RS Coupe 2012,24
25,BMW ActiveHybrid 5 Sedan 2012,25
26,BMW 1 Series Convertible 2012,26
27,BMW 1 Series Coupe 2012,27
28,BMW 3 Series Sedan 2012,28
29,BMW 3 Series Wagon 2012,29
30,BMW 6 Series Convertible 2007,30
31,BMW X5 SUV 2007,31
32,BMW X6 SUV 2012,32
33,BMW M3 Coupe 2012,33
34,BMW M5 Sedan 2010,34
35,BMW M6 Convertible 2010,35
36,BMW X3 SUV 2012,36
37,BMW Z4 Convertible 2012,37
38,Bentley Continental Supersports Conv. Convertible 2012,38
39,Bentley Arnage Sedan 2009,39
40,Bentley Mulsanne Sedan 2011,40
41,Bentley Continental GT Coupe 2012,41
42,Bentley Continental GT Coupe 2007,42
43,Bentley Continental Flying Spur Sedan 2007,43
44,Bugatti Veyron 16.4 Convertible 2009,44
45,Bugatti Veyron 16.4 Coupe 2009,45
46,Buick Regal GS 2012,46
47,Buick Rainier SUV 2007,47
48,Buick Verano Sedan 2012,48
49,Buick Enclave SUV 2012,49
50,Cadillac CTS-V Sedan 2012,50
51,Cadillac SRX SUV 2012,51
52,Cadillac Escalade EXT Crew Cab 2007,52
53,Chevrolet Silverado 1500 Hybrid Crew Cab 2012,53
54,Chevrolet Corvette Convertible 2012,54
55,Chevrolet Corvette ZR1 2012,55
56,Chevrolet Corvette Ron Fellows Edition Z06 2007,56
57,Chevrolet Traverse SUV 2012,57
58,Chevrolet Camaro Convertible 2012,58
59,Chevrolet HHR SS 2010,59
60,Chevrolet Impala Sedan 2007,60
61,Chevrolet Tahoe Hybrid SUV 2012,61
62,Chevrolet Sonic Sedan 2012,62
63,Chevrolet Express Cargo Van 2007,63
64,Chevrolet Avalanche Crew Cab 2012,64
65,Chevrolet Cobalt SS 2010,65
66,Chevrolet Malibu Hybrid Sedan 2010,66
67,Chevrolet TrailBlazer SS 2009,67
68,Chevrolet Silverado 2500HD Regular Cab 2012,68
69,Chevrolet Silverado 1500 Classic Extended Cab 2007,69
70,Chevrolet Express Van 2007,70
71,Chevrolet Monte Carlo Coupe 2007,71
72,Chevrolet Malibu Sedan 2007,72
73,Chevrolet Silverado 1500 Extended Cab 2012,73
74,Chevrolet Silverado 1500 Regular Cab 2012,74
75,Chrysler Aspen SUV 2009,75
76,Chrysler Sebring Convertible 2010,76
77,Chrysler Town and Country Minivan 2012,77
78,Chrysler 300 SRT-8 2010,78
79,Chrysler Crossfire Convertible 2008,79
80,Chrysler PT Cruiser Convertible 2008,80
81,Daewoo Nubira Wagon 2002,81
82,Dodge Caliber Wagon 2012,82
83,Dodge Caliber Wagon 2007,83
84,Dodge Caravan Minivan 1997,84
85,Dodge Ram Pickup 3500 Crew Cab 2010,85
86,Dodge Ram Pickup 3500 Quad Cab 2009,86
87,Dodge Sprinter Cargo Van 2009,87
88,Dodge Journey SUV 2012,88
89,Dodge Dakota Crew Cab 2010,89
90,Dodge Dakota Club Cab 2007,90
91,Dodge Magnum Wagon 2008,91
92,Dodge Challenger SRT8 2011,92
93,Dodge Durango SUV 2012,93
94,Dodge Durango SUV 2007,94
95,Dodge Charger Sedan 2012,95
96,Dodge Charger SRT-8 2009,96
97,Eagle Talon Hatchback 1998,97
98,FIAT 500 Abarth 2012,98
99,FIAT 500 Convertible 2012,99
100,Ferrari FF Coupe 2012,100
101,Ferrari California Convertible 2012,101
102,Ferrari 458 Italia Convertible 2012,102
103,Ferrari 458 Italia Coupe 2012,103
104,Fisker Karma Sedan 2012,104
105,Ford F-450 Super Duty Crew Cab 2012,105
106,Ford Mustang Convertible 2007,106
107,Ford Freestar Minivan 2007,107
108,Ford Expedition EL SUV 2009,108
109,Ford Edge SUV 2012,109
110,Ford Ranger SuperCab 2011,110
111,Ford GT Coupe 2006,111
112,Ford F-150 Regular Cab 2012,112
113,Ford F-150 Regular Cab 2007,113
114,Ford Focus Sedan 2007,114
115,Ford E-Series Wagon Van 2012,115
116,Ford Fiesta Sedan 2012,116
117,GMC Terrain SUV 2012,117
118,GMC Savana Van 2012,118
119,GMC Yukon Hybrid SUV 2012,119
120,GMC Acadia SUV 2012,120
121,GMC Canyon Extended Cab 2012,121
122,Geo Metro Convertible 1993,122
123,HUMMER H3T Crew Cab 2010,123
124,HUMMER H2 SUT Crew Cab 2009,124
125,Honda Odyssey Minivan 2012,125
126,Honda Odyssey Minivan 2007,126
127,Honda Accord Coupe 2012,127
128,Honda Accord Sedan 2012,128
129,Hyundai Veloster Hatchback 2012,129
130,Hyundai Santa Fe SUV 2012,130
131,Hyundai Tucson SUV 2012,131
132,Hyundai Veracruz SUV 2012,132
133,Hyundai Sonata Hybrid Sedan 2012,133
134,Hyundai Elantra Sedan 2007,134
135,Hyundai Accent Sedan 2012,135
136,Hyundai Genesis Sedan 2012,136
137,Hyundai Sonata Sedan 2012,137
138,Hyundai Elantra Touring Hatchback 2012,138
139,Hyundai Azera Sedan 2012,139
140,Infiniti G Coupe IPL 2012,140
141,Infiniti QX56 SUV 2011,141
142,Isuzu Ascender SUV 2008,142
143,Jaguar XK XKR 2012,143
144,Jeep Patriot SUV 2012,144
145,Jeep Wrangler SUV 2012,145
146,Jeep Liberty SUV 2012,146
147,Jeep Grand Cherokee SUV 2012,147
148,Jeep Compass SUV 2012,148
149,Lamborghini Reventon Coupe 2008,149
150,Lamborghini Aventador Coupe 2012,150
151,Lamborghini Gallardo LP 570-4 Superleggera 2012,151
152,Lamborghini Diablo Coupe 2001,152
153,Land Rover Range Rover SUV 2012,153
154,Land Rover LR2 SUV 2012,154
155,Lincoln Town Car Sedan 2011,155
156,MINI Cooper Roadster Convertible 2012,156
157,Maybach Landaulet Convertible 2012,157
158,Mazda Tribute SUV 2011,158
159,McLaren MP4-12C Coupe 2012,159
160,Mercedes-Benz 300-Class Convertible 1993,160
161,Mercedes-Benz C-Class Sedan 2012,161
162,Mercedes-Benz SL-Class Coupe 2009,162
163,Mercedes-Benz E-Class Sedan 2012,163
164,Mercedes-Benz S-Class Sedan 2012,164
165,Mercedes-Benz Sprinter Van 2012,165
166,Mitsubishi Lancer Sedan 2012,166
167,Nissan Leaf Hatchback 2012,167
168,Nissan NV Passenger Van 2012,168
169,Nissan Juke Hatchback 2012,169
170,Nissan 240SX Coupe 1998,170
171,Plymouth Neon Coupe 1999,171
172,Porsche Panamera Sedan 2012,172
173,Ram C/V Cargo Van Minivan 2012,173
174,Rolls-Royce Phantom Drophead Coupe Convertible 2012,174
175,Rolls-Royce Ghost Sedan 2012,175
176,Rolls-Royce Phantom Sedan 2012,176
177,Scion xD Hatchback 2012,177
178,Spyker C8 Convertible 2009,178
179,Spyker C8 Coupe 2009,179
180,Suzuki Aerio Sedan 2007,180
181,Suzuki Kizashi Sedan 2012,181
182,Suzuki SX4 Hatchback 2012,182
183,Suzuki SX4 Sedan 2012,183
184,Tesla Model S Sedan 2012,184
185,Toyota Sequoia SUV 2012,185
186,Toyota Camry Sedan 2012,186
187,Toyota Corolla Sedan 2012,187
188,Toyota 4Runner SUV 2012,188
189,Volkswagen Golf Hatchback 2012,189
190,Volkswagen Golf Hatchback 1991,190
191,Volkswagen Beetle Hatchback 2012,191
192,Volvo C30 Hatchback 2012,192
193,Volvo 240 Sedan 1993,193
194,Volvo XC90 SUV 2007,194
195,smart fortwo Convertible 2012,195
